widgetConfigurationJSON,widgetProductLink,systemViewDashboardId,name,description,code,widgetConfigurationTemplate,subTitle,dashboardName
"{""requestBody"":null,""requestBody1"":null,""requestBody2"":null,""requestBody3"":null,""apiUrl"":""/now/stats/incident_sla?sysparm_query=inc_closed_atBETWEENjavascript:gs.dateGenerate({start},'00:00:00')@javascript:gs.dateGenerate({end},'23:59:59')^taskslatable_stageNOT INin_progress,cancelled,paused^inc_state=7{callerQueryHere}{agFilter}{companyFilter}{businessFilter}&sysparm_avg_fields=taskslatable_business_duration&sysparm_group_by=inc_priority&sysparm_display_value=false"",""apiUrl1"":""/now/stats/incident?sysparm_query=resolved_atBETWEENjavascript:gs.dateGenerate({start},'00:00:00')@javascript:gs.dateGenerate({end},'23:59:59')^state=7{agFilter}{companyFilter}{businessFilter}&sysparm_avg_fields=business_duration&sysparm_group_by=priority&sysparm_display_value=false"",""apiUrl2"":null,""apiUrl3"":null}",https://vontier.service-now.com/incident_sla_list.do?sysparm_query=inc_closed_atONThis%20month@javascript:gs.beginningOfThisMonth()@javascript:gs.endOfThisMonth()%5Etaskslatable_stageNOT%20INin_progress%2Ccancelled%2Cpaused%5Einc_state%3D7&sysparm_first_row=1&sysparm_view=,22,Mean Time to Resolve Trend,Mean Time to Resolve Trend,3a6fc9a1-3811-4cdf-87f1-bff2a741fd4c,,NULL,Service Insights
"{""requestBody"":null,""requestBody1"":null,""requestBody2"":null,""requestBody3"":null,""apiUrl"":""/now/stats/incident?sysparm_query=active%3Dtrue%5EstateNOT%20IN6%2C7%2C8%5Epriority%3D1{agFilter}{companyFilter}{callerFilter}{businessFilter}&sysparm_count=true&sysparm_display_value=true"",""apiUrl1"":null,""apiUrl2"":null,""apiUrl3"":null}",https://vontier.service-now.com/incident_list.do?sysparm_query=active%3Dtrue%5EstateNOT%20IN8%2C6%2C7%5Epriority%3D1&sysparm_view=,22,Open P1 INC,Open P1 INC,3d016842-ed2d-4512-a47d-9982dfe118b7,,NULL,Service Insights
"{""requestBody"":null,""requestBody1"":null,""requestBody2"":null,""requestBody3"":null,""apiUrl"":""/now/stats/incident_sla?sysparm_query=taskslatable_has_breached%3Dfalse%5Etaskslatable_stageINin_progress%5Etaskslatable_business_time_leftBETWEENjavascript%3Ags.getDurationDate('0%200%3A0%3A0')%40javascript%3Ags.getDurationDate('0%2023%3A59%3A59')%5Einc_stateNOT%20IN6%2C7%2C8%5Einc_priority%3D4%5Einc_active%3Dtrue{agFilter}{companyFilter}{callerFilter}{businessFilter}&sysparm_count=true&sysparm_display_value=true"",""apiUrl1"":null,""apiUrl2"":null,""apiUrl3"":null}",https://vontier.service-now.com/incident_sla_list.do?sysparm_query=taskslatable_has_breached%3Dfalse%5Etaskslatable_stageINin_progress%5Etaskslatable_business_time_leftBETWEENjavascript:gs.getDurationDate(%270%200:0:0%27)@javascript:gs.getDurationDate(%270%2023:59:59%27)%5Einc_stateNOT%20IN6%2C7%2C8%5Einc_priority%3D4%5Einc_active%3Dtrue&sysparm_first_row=1&sysparm_view=,22,P4 INC < 1 Day Remaining,P4 INC < 1 Day Remaining,cb2b9b21-c139-4025-b51b-695b0c113f96,,NULL,Service Insights
"{""requestBody"":null,""requestBody1"":null,""requestBody2"":null,""requestBody3"":null,""apiUrl"":null,""apiUrl1"":null,""apiUrl2"":null,""apiUrl3"":null}",https://vontier.service-now.com/incident_list.do?sysparm_query=stateNOT%20IN6%2C7%2C8&sysparm_view=,22,Incident Daily Trends,Incident Daily Trends,834ed272-c0b6-4960-a736-6ddc83bb2cbd,,NULL,Service Insights
"{""requestBody"":null,""requestBody1"":null,""requestBody2"":null,""requestBody3"":null,""apiUrl"":""/now/stats/incident?sysparm_query={agFilter}{companyFilter}{callerFilter}{businessFilter}^active%3Dtrue%5EstateNOT%20IN6%2C8%2C7%5Ereassignment_count%3D2%5EORreassignment_count%3D3%5EORreassignment_count%3D4%5EORreassignment_count%3D5&sysparm_count=true&sysparm_display_value=true"",""apiUrl1"":""/now/stats/incident?sysparm_query={agFilter}{companyFilter}{callerFilter}{businessFilter}^active%3Dtrue%5EstateNOT%20IN6%2C8%2C7%5Ereassignment_count%3E5&sysparm_count=true&sysparm_display_value=true"",""apiUrl2"":null,""apiUrl3"":null}",https://vontier.service-now.com/incident_list.do?sysparm_query=active%3Dtrue%5EstateNOT%20IN6%2C8%2C7%5Ereassignment_count%3D2%5EORreassignment_count%3D3%5EORreassignment_count%3D4%5EORreassignment_count%3D5&sysparm_view=text_search,22,Hop Count for Open Incidents,Hop Count for Open Incidents,1b689bca-229e-483c-b539-7f088ba54886,,Current Status,Service Insights
"{""requestBody"":null,""requestBody1"":null,""requestBody2"":null,""requestBody3"":null,""apiUrl"":""/now/stats/sys_user_has_role?sysparm_query=role%3D282bf1fac6112285017366cb5f867469%5Euser.nameISNOTEMPTY%5Euser.active%3Dtrue&sysparm_count=true&sysparm_display_value=true"",""apiUrl1"":null,""apiUrl2"":null,""apiUrl3"":null}",https://vontier.service-now.com/sys_user_has_role_list.do?sysparm_query=role%3D282bf1fac6112285017366cb5f867469%5Euser.nameISNOTEMPTY%5Euser.active%3Dtrue&sysparm_view=,22,ITIL License Usage,ITIL License Usage,ae99db37-c0b1-4ba0-a0ce-ef69b654751c,,NULL,Service Insights
"{""requestBody"":null,""requestBody1"":null,""requestBody2"":null,""requestBody3"":null,""apiUrl"":""/now/stats/incident?sysparm_query=active%3Dtrue%5EstateNOT%20IN6%2C7%2C8%5Epriority%3D2{agFilter}{companyFilter}{callerFilter}{businessFilter}&sysparm_count=true&sysparm_display_value=true"",""apiUrl1"":null,""apiUrl2"":null,""apiUrl3"":null}",https://vontier.service-now.com/incident_list.do?sysparm_query=active%3Dtrue%5EstateNOT%20IN8%2C6%2C7%5Epriority%3D2&sysparm_view=,22,Open P2 INC,Open P2 INC,236c8beb-d97f-4d39-a0e4-4896244d922a,,NULL,Service Insights
"{""requestBody"":null,""requestBody1"":null,""requestBody2"":null,""requestBody3"":null,""apiUrl"":""/now/stats/incident?sysparm_query=active%3Dtrue%5EstateNOT%20IN6%2C7%2C8%5Ecaller_id.vip%3Dtrue{agFilter}{companyFilter}{callerFilter}{businessFilter}&sysparm_count=true&sysparm_display_value=true"",""apiUrl1"":null,""apiUrl2"":null,""apiUrl3"":null}",https://vontier.service-now.com/incident_list.do?sysparm_query=active%3Dtrue%5EstateNOT%20IN8%2C6%2C7%5Ecaller_id.vip%3Dtrue&sysparm_view=,22,VIP Open INC,VIP Open INC,f60b039c-4da9-491d-b952-a31bd136be6a,,NULL,Service Insights
"{""requestBody"":null,""requestBody1"":null,""requestBody2"":null,""requestBody3"":null,""apiUrl"":""/now/stats/sc_task?sysparm_query=active%3Dtrue%5EstateNOT%20IN3%2C4%2C7%5Erequest_item.requested_for.vip%3Dtrue{agFilter}{companyFilter}{callerFilter}{businessFilter}&sysparm_count=true&sysparm_display_value=true"",""apiUrl1"":null,""apiUrl2"":null,""apiUrl3"":null}",https://vontier.service-now.com/sc_task_list.do?sysparm_query=request_item.requested_for.vip%3Dtrue%5EstateNOT%20IN3%2C4%2C7%5Eactive%3Dtrue&sysparm_view=,22,VIP Open Tasks,VIP Open Tasks,ca8a341f-8f4f-4315-8839-2b581bf31c2e,,NULL,Service Insights
"{""requestBody"":null,""requestBody1"":null,""requestBody2"":null,""requestBody3"":null,""apiUrl"":""/now/stats/incident?sysparm_query=active%3Dtrue%5EstateIN1%2C11{agFilter}{companyFilter}{callerFilter}{businessFilter}&sysparm_count=true&sysparm_display_value=true"",""apiUrl1"":null,""apiUrl2"":null,""apiUrl3"":null}",https://vontier.service-now.com/incident_list.do?sysparm_query=active%3Dtrue%5EstateIN1%2C11&sysparm_view=,22,INC Awaiting Response,INC Awaiting Response,def85078-cc50-4f28-9298-577daab85601,,NULL,Service Insights
"{""requestBody"":null,""requestBody1"":null,""requestBody2"":null,""requestBody3"":null,""apiUrl"":""/now/stats/incident?sysparm_query=active%3Dtrue%5EstateIN1%2C11%5Eopened_at%3Cjavascript%3Ags.dateGenerate('{date}'%2C'{time}'){agFilter}{companyFilter}{callerFilter}{businessFilter}&sysparm_count=true&sysparm_display_value=true"",""apiUrl1"":null,""apiUrl2"":null,""apiUrl3"":null}",https://vontier.service-now.com/incident_list.do?sysparm_query=active%3Dtrue%5EstateIN1%2C11%5Eopened_at%3Cjavascript:gs.dateGenerate(%272024-06-11%27%2C%2700:15:00%27)&sysparm_first_row=1&sysparm_view=text_search,22,INC Pending Response > X Mins,INC Pending Response > X Mins,97ce480e-9472-457f-bb25-8e1287b983e6,,NULL,Service Insights
"{""requestBody"":null,""requestBody1"":null,""requestBody2"":null,""requestBody3"":null,""apiUrl"":""/now/stats/incident?sysparm_query=active%3Dtrue%5EstateNOT%20IN6%2C7%2C8{agFilter}{companyFilter}{callerFilter}{businessFilter}&sysparm_count=true&sysparm_display_value=true"",""apiUrl1"":null,""apiUrl2"":null,""apiUrl3"":null}",https://vontier.service-now.com/incident_list.do?sysparm_query=active%3Dtrue%5EstateNOT%20IN8%2C6%2C7&sysparm_view=,22,Open INC Total,Open INC Total,42eeb92c-eae5-4461-b9da-3b78efa44e2a,,NULL,Service Insights
"{""requestBody"":null,""requestBody1"":null,""requestBody2"":null,""requestBody3"":null,""apiUrl"":""/now/stats/sc_task?sysparm_query=active%3Dtrue%5EstateNOT%20IN3%2C4%2C7{agFilter}{companyFilter}{callerFilter}{businessFilter}&sysparm_count=true&sysparm_display_value=true"",""apiUrl1"":null,""apiUrl2"":null,""apiUrl3"":null}",https://vontier.service-now.com/sc_task_list.do?sysparm_query=active%3Dtrue%5EstateNOT%20IN3%2C4%2C7&sysparm_view=,22,Open Tasks Total,Open Tasks Total,d8841b98-da97-410f-93c2-3407935b5ea1,,NULL,Service Insights
"{""requestBody"":null,""requestBody1"":null,""requestBody2"":null,""requestBody3"":null,""apiUrl"":""/now/stats/incident?sysparm_query={agFilter}^active=true^stateNOT IN8,6,7^sys_created_on<=javascript:gs.dateGenerate('{1}')%5Esys_created_on>javascript:gs.dateGenerate('{0}'){companyFilter}{callerFilter}{businessFilter}&sysparm_count=true&sysparm_group_by=sys_created_on,priority&sysparm_display_value=true"",""apiUrl1"":null,""apiUrl2"":null,""apiUrl3"":null}",https://vontier.service-now.com/incident_list.do?sysparm_query=active%3Dtrue%5EstateNOT%20IN8%2C6%2C7%5Esys_created_on%3C%3Djavascript%3Ags.dateGenerate('2024-04-29'%2C'12%3A37%3A28')%5Esys_created_on%3Ejavascript%3Ags.dateGenerate('2024-04-27'%2C'12%3A37%3A28')&sysparm_view=,22,Aging Incidents,Aging Incidents,70e62ed7-d433-4b37-b11a-35db96ca07a9,,Current Status,Service Insights
"{""requestBody"":null,""requestBody1"":null,""requestBody2"":null,""requestBody3"":null,""apiUrl"":""/now/stats/sc_task?sysparm_query={agFilter}^active=true^stateNOT%20IN3%2C4%2C7^sys_created_on<=javascript:gs.dateGenerate('{1}')%5Esys_created_on>javascript:gs.dateGenerate('{0}'){companyFilter}{callerFilter}{businessFilter}&sysparm_count=true&sysparm_group_by=sys_created_on,priority&sysparm_display_value=true"",""apiUrl1"":null,""apiUrl2"":null,""apiUrl3"":null}",https://vontier.service-now.com/sc_task_list.do?sysparm_query=stateNOT%20IN3%2C4%2C7%5Esys_created_on%3C%3Djavascript%3Ags.dateGenerate('2024-04-05'%2C'12%3A28%3A39')%5Esys_created_on%3Ejavascript%3Ags.dateGenerate('2024-04-03'%2C'12%3A28%3A39')%5Eactive%3Dtrue&sysparm_view=,22,Aging Tasks,Aging Tasks,580482f1-93fa-450c-a159-ba61ddc8c803,,Current Status,Service Insights
"{""requestBody"":null,""requestBody1"":null,""requestBody2"":null,""requestBody3"":null,""apiUrl"":""/now/stats/incident?sysparm_query={agFilter}^active=true^stateNOT IN8,6,7^sys_updated_on<=javascript:gs.dateGenerate('{1}')^sys_updated_on>javascript:gs.dateGenerate('{0}'){companyFilter}{callerFilter}{businessFilter}&sysparm_count=true&sysparm_group_by=sys_updated_on,priority&sysparm_display_value=true"",""apiUrl1"":null,""apiUrl2"":null,""apiUrl3"":null}",https://vontier.service-now.com/incident_list.do?sysparm_query=stateNOT%20IN8%2C6%2C7%5Esys_updated_on%3C%3Djavascript%3Ags.dateGenerate('2024-04-29'%2C'14%3A46%3A59')%5Esys_updated_on%3Ejavascript%3Ags.dateGenerate('2024-04-27'%2C'14%3A46%3A59')%5Eactive%3Dtrue&sysparm_view=,22,Update Due Incidents,Update Due Incidents,d1916f86-056d-4c84-bbc3-ac43f31b81c1,,Current Status,Service Insights
"{""requestBody"":null,""requestBody1"":null,""requestBody2"":null,""requestBody3"":null,""apiUrl"":""/now/stats/sc_task_sla?sysparm_query=sct_stateNOT IN3,4,7^sct_active=true{agFilter}{companyFilter}{businessFilter}&sysparm_count=true&sysparm_group_by=taskslatable_sla.target,sct_priority&sysparm_display_value=true"",""apiUrl1"":""/now/stats/sc_task_sla?sysparm_query=sct_stateNOT IN3,4,7^sct_active=true^taskslatable_has_breached=true^taskslatable_stageNOT INachieved,cancelled,completed{agFilter}{companyFilter}{businessFilter}&sysparm_count=true&sysparm_group_by=sct_priority,taskslatable_sla.target&sysparm_display_value=true"",""apiUrl2"":null,""apiUrl3"":null}",https://vontier.service-now.com/sc_task_sla_list.do?sysparm_query=taskslatable_has_breached%3Dtrue%5Etaskslatable_stageNOT%20INachieved%2Ccancelled%2Ccompleted%5Etaskslatable_sla.target%3Dresolution%5Esct_stateNOT%20IN3%2C4%2C7%5Esct_active%3Dtrue&sysparm_view=,22,Open and Overdue Tasks,Open and Overdue Tasks,c650afe0-f9a9-46a1-a807-643bbaeee8fc,,Current Status,Service Insights
"{""requestBody"":null,""requestBody1"":null,""requestBody2"":null,""requestBody3"":null,""apiUrl"":""/now/stats/sc_task?sysparm_query={agFilter}^active=true^stateNOT IN3,4,7^sys_updated_on<=javascript:gs.dateGenerate('{1}')^sys_updated_on>javascript:gs.dateGenerate('{0}'){companyFilter}{callerFilter}{businessFilter}&sysparm_count=true&sysparm_group_by=sys_updated_on,priority&sysparm_display_value=true"",""apiUrl1"":null,""apiUrl2"":null,""apiUrl3"":null}",https://vontier.service-now.com/sc_task_list.do?sysparm_query=stateNOT%20IN3%2C4%2C7%5Esys_updated_on%3C%3Djavascript%3Ags.dateGenerate('2024-04-29'%2C'14%3A50%3A41')%5Esys_updated_on%3Ejavascript%3Ags.dateGenerate('2024-04-27'%2C'14%3A50%3A41')%5Eactive%3Dtrue&sysparm_view=,22,Update Due Tasks,Update Due Tasks,59594b47-99f2-43e4-a342-6b50c15d7462,,Current Status,Service Insights
"{""requestBody"":null,""requestBody1"":null,""requestBody2"":null,""requestBody3"":null,""apiUrl"":""/now/stats/incident?sysparm_query=sys_created_onBETWEENjavascript:gs.dateGenerate('{0}','00:00:00')@javascript:gs.endOfToday(){agFilter}{companyFilter}{callerFilter}{businessFilter}&sysparm_count=true&sysparm_group_by=contact_type,sys_created_on&sysparm_display_value=true"",""apiUrl1"":null,""apiUrl2"":null,""apiUrl3"":null}",https://vontier.service-now.com/incident_list.do?sysparm_query=sys_created_onONLast%207%20days%40javascript%3Ags.beginningOfLast7Days()%40javascript%3Ags.endOfLast7Days()&sysparm_view=text_search,22,Source of Incidents,Source of Incidents,eceb896f-0739-4359-8112-9277ad7f9d98,,Current Status,Service Insights
"{""requestBody"":null,""requestBody1"":null,""requestBody2"":null,""requestBody3"":null,""apiUrl"":""/now/stats/incident?sysparm_query=state%3D6%5Eresolved_atONToday%40javascript%3Ags.beginningOfToday()%40javascript%3Ags.endOfToday(){agFilter}{companyFilter}{callerFilter}{businessFilter}&sysparm_count=true&sysparm_display_value=true"",""apiUrl1"":""/now/stats/incident?sysparm_query=state%3D6%5Eresolved_atONThis%20month%40javascript%3Ags.beginningOfThisMonth()%40javascript%3Ags.endOfThisMonth(){agFilter}{companyFilter}{callerFilter}{businessFilter}&sysparm_count=true&sysparm_display_value=true"",""apiUrl2"":""/now/stats/incident?sysparm_query=state%3D6%5Eresolved_atONLast%20month%40javascript%3Ags.beginningOfLastMonth()%40javascript%3Ags.endOfLastMonth(){agFilter}{companyFilter}{callerFilter}{businessFilter}&sysparm_count=true&sysparm_display_value=true"",""apiUrl3"":null}",https://vontier.service-now.com/incident_list.do?sysparm_query=state%3D6%5Eresolved_atONToday%40javascript%3Ags.beginningOfToday()%40javascript%3Ags.endOfToday()&sysparm_view=,22,Resolved INC,Resolved INC,30bec2be-2663-486c-85a3-d7f51e320288,,NULL,Service Insights
"{""requestBody"":null,""requestBody1"":null,""requestBody2"":null,""requestBody3"":null,""apiUrl"":""/now/stats/sc_task?sysparm_query=closed_atONToday%40javascript%3Ags.beginningOfToday()%40javascript%3Ags.endOfToday(){agFilter}{companyFilter}{callerFilter}{businessFilter}&sysparm_count=true&sysparm_display_value=true"",""apiUrl1"":null,""apiUrl2"":null,""apiUrl3"":null}",https://vontier.service-now.com/sc_task_list.do?sysparm_query=closed_atONToday%40javascript%3Ags.beginningOfToday()%40javascript%3Ags.endOfToday()&sysparm_view=,22,Resolved Tasks,Resolved Tasks,55e5b09b-7c88-487d-92c5-98cc3650632c,,NULL,Service Insights
"{""requestBody"":null,""requestBody1"":null,""requestBody2"":null,""requestBody3"":null,""apiUrl"":""/now/stats/incident_sla?sysparm_query=taskslatable_stageNOT%20INcancelled%2Ccompleted%5Etaskslatable_has_breached%3Dfalse%5Einc_incident_stateNOT%20IN6%2C7%2C8%5Etaskslatable_business_percentage%3E50%5Einc_active%3Dtrue%5Einc_priority%3D1{agFilter}{companyFilter}{callerFilter}{businessFilter}&sysparm_count=true&sysparm_display_value=true"",""apiUrl1"":null,""apiUrl2"":null,""apiUrl3"":null}",https://vontier.service-now.com/incident_sla_list.do?sysparm_query=taskslatable_stageNOT%20INcancelled%2Ccompleted%5Etaskslatable_has_breached%3Dfalse%5Einc_incident_stateNOT%20IN8%2C6%2C7%5Etaskslatable_business_percentage%3E50%5Einc_active%3Dtrue%5Einc_priority%3D1&sysparm_view=,22,P1 INC Elapsed Time > 50%,P1 INC Elapsed Time > 50%,4e9c7f2d-39ab-4d65-95dc-a7efe2317210,,NULL,Service Insights
"{""requestBody"":null,""requestBody1"":null,""requestBody2"":null,""requestBody3"":null,""apiUrl"":""/now/stats/incident_sla?sysparm_query=taskslatable_stageNOT%20INcancelled%2Ccompleted%5Etaskslatable_has_breached%3Dfalse%5Einc_incident_stateNOT%20IN6%2C7%2C8%5Etaskslatable_business_percentage%3E50%5Einc_active%3Dtrue%5Einc_priority%3D2{agFilter}{companyFilter}{callerFilter}{businessFilter}&sysparm_count=true&sysparm_display_value=true"",""apiUrl1"":null,""apiUrl2"":null,""apiUrl3"":null}",https://vontier.service-now.com/incident_sla_list.do?sysparm_query=taskslatable_stageNOT%20INcancelled%2Ccompleted%5Etaskslatable_has_breached%3Dfalse%5Einc_incident_stateNOT%20IN8%2C6%2C7%5Etaskslatable_business_percentage%3E50%5Einc_active%3Dtrue%5Einc_priority%3D2&sysparm_view=,22,P2 INC Elapsed Time > 50%,P2 INC Elapsed Time > 50%,0affdee5-c6fe-482a-9d78-599de7481507,,NULL,Service Insights
"{""requestBody"":null,""requestBody1"":null,""requestBody2"":null,""requestBody3"":null,""apiUrl"":""/now/stats/incident_sla?sysparm_query=taskslatable_has_breached%3Dfalse%5Etaskslatable_stageINin_progress%5Etaskslatable_business_time_leftBETWEENjavascript%3Ags.getDurationDate('0%200%3A0%3A0')%40javascript%3Ags.getDurationDate('0%2023%3A59%3A59')%5Einc_stateNOT%20IN6%2C7%2C8%5Einc_priority%3D3%5Einc_active%3Dtrue{agFilter}{companyFilter}{callerFilter}{businessFilter}&sysparm_count=true&sysparm_display_value=true"",""apiUrl1"":null,""apiUrl2"":null,""apiUrl3"":null}",https://vontier.service-now.com/incident_sla_list.do?sysparm_query=taskslatable_has_breached%3Dfalse%5Etaskslatable_stageINin_progress%5Etaskslatable_business_time_leftBETWEENjavascript:gs.getDurationDate(%270%200:0:0%27)@javascript:gs.getDurationDate(%270%2023:59:59%27)%5Einc_stateNOT%20IN6%2C7%2C8%5Einc_priority%3D3%5Einc_active%3Dtrue&sysparm_first_row=1&sysparm_view=,22,P3 INC < 1 Day Remaining,P3 INC < 1 Day Remaining,80d5c17a-29bd-4d1a-9448-fd5e378a3933,,NULL,Service Insights
"{
            ""apiUrl"": null,
            ""apiUrl1"": null,
            ""napiUrl"": ""/now/table/incident?sysparm_limit={pageSize}&sysparm_offset={offset}&sysparm_no_count=false&sysparm_display_value=true&sysparm_query={filter}active%3Dtrue%5estateNOT%20IN6%2c8%2c7&sysparm_fields=number%2Cpriority%2Cshort_description%2Cstate%2Ccomments_and_work_notes%2Ccategory%2Ccaller_id%2Cassignment_group%2Cassigned_to%2Ccompany%2Clocation%2Csys_created_on%2Csys_created_by%2Csys_updated_on%2Csys_updated_by%2Cresolved_at%2Cresolved_by%2Cclosed_at%2Cclosed_by%2Copened_at%2Copened_by%2Ccorrelation_display%2Cu_correlation_display%2Ctaskslatable_stage%2Cinc_incident_state%2Ctaskslatable_duration%2Ctaskslatable_has_breached%2Ctaskslatable_u_business_elapsed_time_string%2Cu_agent_name%2Cbusiness_duration%2Cactive%2Cu_fcr_elgibile%2Cdescription%2Capproval%2Curgency"",
            ""assignmentGroupsList"": []
          }",https://vontier.service-now.com/incident_list.do?sysparm_query=active%3Dtrue%5estateNOT%20IN6%2c8%2c7&sysparm_view=text_search,22,Incidents DrillDown,Get incident table from servicenow api.,90079695-dded-4f5e-9a9e-c6fd3b376b14,,NULL,Service Insights
"{
  ""apiUrl"": null,
  ""apiUrl1"": null,
  ""napiUrl"": ""/now/table/incident_sla?sysparm_limit={pageSize}&sysparm_offset={offset}&sysparm_no_count=false&sysparm_display_value=true&sysparm_query={filter}inc_active%3Dtrue%5etaskslatable_stageNOT%20INcancelled%2ccompleted%5etaskslatable_has_breached%3Dfalse%5einc_incident_state!%3D6%5etaskslatable_business_percentage%3e70%5einc_active%3Dtrue&sysparm_fields=inc_number%2Cinc_priority%2Cinc_short_description%2Cinc_state%2Cinc_comments_and_work_notes%2Cinc_category%2Cinc_caller_id%2Cinc_assignment_group%2Cinc_assigned_to%2Cinc_company%2Cinc_location%2Ctaskslatable_sys_created_on%2Ctaskslatable_sys_created_by%2Ctaskslatable_sys_updated_on%2Ctaskslatable_sys_updated_by%2Ctaskslatable_business_duration%2Ctaskslatable_business_percentage%2Ctaskslatable_active%2Cinc_closed_at%2Cinc_closed_by%2Cinc_opened_at%2Cinc_opened_by%2Cinc_correlation_display%2Cinc_u_correlation_display%2Ctaskslatable_stage%2Cinc_incident_state%2Ctaskslatable_duration%2Ctaskslatable_has_breached%2Ctaskslatable_u_business_elapsed_time_string%2Cinc_u_agent_name%2Cinc_u_fcr_elgibile%2Cinc_description%2Cinc_approval%2Cinc_urgency"",
  ""assignmentGroupsList"": []
}",https://vontier.service-now.com/incident_list.do?sysparm_query=active%3Dtrue%5estateNOT%20IN6%2c8%2c7&sysparm_view=text_search,22,IncidentSLAs DrillDown,Get incident_sla table from servicenow api.,fcd17ebb-a3ec-4dc2-9439-9a01a90a69eb,,NULL,Service Insights
"{""requestBody"":null,""requestBody1"":null,""requestBody2"":null,""requestBody3"":null,""apiUrl"":""/now/stats/incident_sla?sysparm_query=inc_closed_atBETWEENjavascript:gs.dateGenerate({start},'00:00:00')@javascript:gs.dateGenerate({end},'23:59:59')^taskslatable_stageNOT INin_progress,cancelled,paused^inc_state=7{callerQueryHere}{agFilter}{companyFilter}{businessFilter}&sysparm_avg_fields=taskslatable_business_duration&sysparm_group_by=inc_priority&sysparm_count=true&sysparm_display_value=true"",""apiUrl1"":""/now/stats/incident?sysparm_query=resolved_atBETWEENjavascript:gs.dateGenerate({start},'00:00:00')@javascript:gs.dateGenerate({end},'23:59:59')^state=7{agFilter}{companyFilter}{businessFilter}&sysparm_avg_fields=business_duration&sysparm_group_by=priority&sysparm_count=true&sysparm_display_value=true"",""apiUrl2"":null,""apiUrl3"":null}",https://vontier.service-now.com/incident_sla_list.do?sysparm_query=inc_closed_atONThis%20month@javascript:gs.beginningOfThisMonth()@javascript:gs.endOfThisMonth()%5Etaskslatable_stageNOT%20INin_progress%2Ccancelled%2Cpaused%5Einc_state%3D7&sysparm_first_row=1&sysparm_view=,22,Mean Time to Resolve,Mean Time to Resolve,0e274dec-eb7c-45df-9df3-ea289928b4e3,,NULL,Service Insights
"{""requestBody"":null,""requestBody1"":null,""requestBody2"":null,""requestBody3"":null,""apiUrl"":""/now/stats/sc_task?sysparm_query={agFilter}{companyFilter}{callerFilter}{businessFilter}^active%3Dtrue%5EstateNOT%20IN3%2C4%2C7%5Ereassignment_count%3D2%5EORreassignment_count%3D3%5EORreassignment_count%3D4%5EORreassignment_count%3D5&sysparm_count=true&sysparm_display_value=true"",""apiUrl1"":""/now/stats/sc_task?sysparm_query={agFilter}{companyFilter}{callerFilter}{businessFilter}^active%3Dtrue%5EstateNOT%20IN3%2C4%2C7%5Ereassignment_count%3E5&sysparm_count=true&sysparm_display_value=true"",""apiUrl2"":null,""apiUrl3"":null}",https://vontier.service-now.com/sc_task_list.do?sysparm_query=active%3Dtrue%5Ereassignment_count%3D2%5EORreassignment_count%3D3%5EORreassignment_count%3D4%5EORreassignment_count%3D5%5EstateNOT%20IN3%2C4%2C7&sysparm_view=text_search,22,Hop Count for Open Tasks,Hop Count for Open Tasks,a39ef90d-eed0-464f-aa8f-ecb823f87230,,Current Status,Service Insights
"{""requestBody"":null,""requestBody1"":null,""requestBody2"":null,""requestBody3"":null,""apiUrl"":""/now/stats/incident?sysparm_query={agFilter}{companyFilter}{callerFilter}{businessFilter}%5Estate%3D7^sys_created_onBETWEENjavascript:gs.dateGenerate('{0}')@javascript:gs.dateGenerate('{1}')^reassignment_count%3D3%5EORreassignment_count%3D4%5EORreassignment_count%3D5&sysparm_count=true&sysparm_group_by=sys_created_on&sysparm_display_value=true"",""apiUrl1"":""/now/stats/incident?sysparm_query={agFilter}{companyFilter}{callerFilter}{businessFilter}%5Estate%3D7^sys_created_onBETWEENjavascript:gs.dateGenerate('{0}')@javascript:gs.dateGenerate('{1}')^reassignment_count%3E5&sysparm_count=true&sysparm_group_by=sys_created_on&sysparm_display_value=true"",""apiUrl2"":null,""apiUrl3"":null}",https://vontier.service-now.com/incident_list.do?sysparm_query=state%3D7%5Esys_created_onBETWEENjavascript%3Ags.dateGenerate('2024-05-01'%2C'00%3A00%3A00')%40javascript%3Ags.dateGenerate('2024-05-31'%2C'23%3A59%3A59')%5Ereassignment_count%3D3%5EORreassignment_count%3D4%5EORreassignment_count%3D5&sysparm_view=,22,Trend for No. of Hops - Incidents,Trend for No. of Hops - Incidents,053374b1-e4f6-471e-be78-c07062afeffe,,Current Status,Service Insights
"{""requestBody"":null,""requestBody1"":null,""requestBody2"":null,""requestBody3"":null,""apiUrl"":""/now/stats/sc_task?sysparm_query={agFilter}^active=true^stateNOT%20IN3%2C4%2C7^sys_created_on<=javascript:gs.dateGenerate('{1}')%5Esys_created_on>javascript:gs.dateGenerate('{0}'){companyFilter}&sysparm_count=true&sysparm_group_by=sys_created_on&sysparm_display_value=true"",""apiUrl1"":null,""apiUrl2"":null,""apiUrl3"":null}",https://vontier.service-now.com/sc_task_list.do?sysparm_query=active%3Dtrue%5EstateNOT%20IN3%2C4%2C7&sysparm_view=,22,Aging Tasks Bar Chart,Aging Tasks Bar Chart,714dbc6e-c038-4835-8cf7-e1d3b04a6414,,Current Status,Service Insights
"{""requestBody"":null,""requestBody1"":null,""requestBody2"":null,""requestBody3"":null,""apiUrl"":""/now/table/incident?sysparm_query=active=true^stateNOT IN8,6,7^assigned_toISNOTEMPTY^{dateFilter}{agFilter}{companyFilter}{callerFilter}{businessFilter}&sysparm_display_value=true&sysparm_fields=assigned_to,assignment_group,sys_created_on,state"",""apiUrl1"":null,""apiUrl2"":null,""apiUrl3"":null}",,22,Aging Incidents Drilldown,Aging Incidents Drilldown,10e3edd5-2498-444a-b91a-54fc7bc47941,,Current Status,Service Insights
"{""requestBody"":null,""requestBody1"":null,""requestBody2"":null,""requestBody3"":null,""apiUrl"":""/now/stats/sc_task_sla?sysparm_query=taskslatable_has_breached%3Dfalse%5Etaskslatable_stageINin_progress%5Etaskslatable_business_time_leftBETWEENjavascript%3Ags.getDurationDate('0%200%3A0%3A0')%40javascript%3Ags.getDurationDate('0%2023%3A59%3A59')%5Esct_active%3Dtrue{agFilter}{companyFilter}{callerFilter}{businessFilter}&sysparm_count=true&sysparm_display_value=true"",""apiUrl1"":null,""apiUrl2"":null,""apiUrl3"":null}",https://vontier.service-now.com/sc_task_sla_list.do?sysparm_query=taskslatable_has_breached%3Dfalse%5Etaskslatable_stageINin_progress%5Etaskslatable_business_time_leftBETWEENjavascript:gs.getDurationDate(%270%200:0:0%27)@javascript:gs.getDurationDate(%270%2023:59:59%27)%5Esct_active%3Dtrue&sysparm_first_row=1&sysparm_view=,22,Tasks < 1 Day Remaining,Tasks < 1 Day Remaining,5674afc6-0135-4e82-8f4a-2972659bc1d3,,NULL,Service Insights
"{""requestBody"":null,""requestBody1"":null,""requestBody2"":null,""requestBody3"":null,""apiUrl"":""/now/stats/incident_sla?sysparm_query={agFilter}{companyFilter}{callerFilter}{businessFilter}^inc_resolved_atBETWEENjavascript%3Ags.dateGenerate('{0}'%2C'00%3A00%3A00')%40javascript%3Ags.dateGenerate('{1}'%2C'23%3A59%3A59')%5EORinc_closed_atBETWEENjavascript%3Ags.dateGenerate('{0}'%2C'00%3A00%3A00')%40javascript%3Ags.dateGenerate('{1}'%2C'23%3A59%3A59')%5Etaskslatable_sla.target%3Dresolution%5Etaskslatable_stage%3Dcompleted&sysparm_count=true&sysparm_group_by=inc_priority%2Ctaskslatable_has_breached&sysparm_display_value=true"",""apiUrl1"":""/now/stats/incident_sla?sysparm_query={agFilter}{companyFilter}{callerFilter}{businessFilter}^inc_sys_created_onBETWEENjavascript%3Ags.dateGenerate('{0}'%2C'00%3A00%3A00')%40javascript%3Ags.dateGenerate('{1}'%2C'23%3A59%3A59')%5Etaskslatable_sla.target%3Dresponse%5Etaskslatable_stage%3Dcompleted&sysparm_count=true&sysparm_group_by=inc_priority%2Ctaskslatable_has_breached&sysparm_display_value=true"",""apiUrl2"":null,""apiUrl3"":null}",https://vontier.service-now.com/incident_sla_list.do?sysparm_query=inc_resolved_atONThis%20month%40javascript%3Ags.beginningOfThisMonth()%40javascript%3Ags.endOfThisMonth()%5EORinc_closed_atONThis%20month%40javascript%3Ags.beginningOfThisMonth()%40javascript%3Ags.endOfThisMonth()%5Etaskslatable_has_breached%3Dtrue%5Etaskslatable_sla.target%3Dresolution%5Etaskslatable_stage%3Dcompleted&sysparm_view=,22,Incident SLA Status,Incident SLA Status,103f4de6-2f39-4d72-8d0a-c7ee273f9209,,Current Status,Service Insights
"{""requestBody"":null,""requestBody1"":null,""requestBody2"":null,""requestBody3"":null,""apiUrl"":""/now/stats/incident?sysparm_query=sys_created_onBETWEENjavascript:gs.dateGenerate('{startDate}')@javascript:gs.dateGenerate('{endDate}')^stateIN6,7{agFilter}{companyFilter}{callerFilter}{businessFilter}^reassignment_count=0{contactTypeQuery}&sysparm_count=true"",""apiUrl1"":""/now/stats/incident?sysparm_query=sys_created_onBETWEENjavascript:gs.dateGenerate('{startDate}')@javascript:gs.dateGenerate('{endDate}')^stateIN6,7{agFilter}{companyFilter}{contactTypeQuery}{callerFilter}{businessFilter}&sysparm_count=true"",""apiUrl2"":null,""apiUrl3"":null}",https://vontier.service-now.com/incident_sla_list.do?sysparm_query=inc_closed_atONThis%20month@javascript:gs.beginningOfThisMonth()@javascript:gs.endOfThisMonth()%5Etaskslatable_stageNOT%20INin_progress%2Ccancelled%2Cpaused%5Einc_state%3D7&sysparm_first_row=1&sysparm_view=,22,First Call Resolution %,First Call Resolution,1a2282a3-cd53-47e4-a404-9805607504d3,,NULL,Service Insights
"{""requestBody"":null,""requestBody1"":null,""requestBody2"":null,""requestBody3"":null,""apiUrl"":""/now/stats/change_request?sysparm_query=sys_created_onRELATIVEGT%40month%40ago%406%5Estate%3D3{agFilter}{companyFilter}{callerFilter}{businessFilter}&sysparm_count=true"",""apiUrl1"":""/now/stats/change_request?sysparm_query=sys_created_onRELATIVEGT%40month%40ago%406%5Estate%3D3{filter}{agFilter}{companyFilter}{callerFilter}{businessFilter}&sysparm_count=true"",""apiUrl2"":""/now/stats/change_request?sysparm_query=sys_created_onBETWEENjavascript%3Ags.dateGenerate('{0}')%40javascript%3Ags.dateGenerate('{1}')%5Estate%3D3{filter}{agFilter}{companyFilter}{callerFilter}{businessFilter}&sysparm_count=true"",""apiUrl3"":""/now/stats/change_request?sysparm_query=sys_created_onBETWEENjavascript%3Ags.dateGenerate('{0}')%40javascript%3Ags.dateGenerate('{1}')%5Estate%3D3{agFilter}{companyFilter}&sysparm_count=true"", ""apiUrl4"":null}",https://vontier.service-now.com/change_request_list.do?sysparm_query=sys_created_onRELATIVEGT%40month%40ago%406%5Estate%3D3%5Eclose_codeINSuccessfully%20Implemented%2CSuccessful%20with%20Issue&sysparm_view=,22,Change Success %,Change Success Percentage,8fcd6f15-c144-4dda-80df-24a4ab4fd941,,NULL,Service Insights
"{""requestBody"":null,""requestBody1"":null,""requestBody2"":null,""requestBody3"":null,""apiUrl"":""/now/stats/sys_user_has_role?sysparm_query=role%3D282bf1fac6112285017366cb5f867469%5Euser.last_login_timeBETWEENjavascript%3Ags.dateGenerate('{0}')%40javascript%3Ags.dateGenerate('{1}')&sysparm_count=true&sysparm_display_value=true"",""apiUrl1"":""/now/table/sys_user_has_role?sysparm_query=role%3D282bf1fac6112285017366cb5f867469%5Euser.last_login_timeBETWEENjavascript%3Ags.dateGenerate('{0}')%40javascript%3Ags.dateGenerate('{1}')&sysparm_display_value=true&sysparm_exclude_reference_link=true&sysparm_fields=user%2Cuser.email%2Cuser.manager%2Cuser.last_login_time&sysparm_no_count=true"",""apiUrl2"":null,""apiUrl3"":null}",https://vontier.service-now.com/sys_user_has_role_list.do?sysparm_query=role%3D282bf1fac6112285017366cb5f867469%5Euser.last_login_timeONLast%2030%20days%40javascript%3Ags.beginningOfLast30Days()%40javascript%3Ags.endOfLast30Days()&sysparm_count=true&sysparm_group_by=user%2C%20user.email%2C%20user.manager%2C%20user.last_login_time&sysparm_display_value=true,22,Last Logon,Last Logon,bc27f954-15df-4310-b5e5-d9327811bd00,,NULL,Service Insights
"{""requestBody"":null,""requestBody1"":null,""requestBody2"":null,""requestBody3"":null,""apiUrl"":""/now/stats/incident?sysparm_query={agFilter}^active=true^stateNOT IN8,6,7^sys_created_on<=javascript:gs.dateGenerate('{1}')%5Esys_created_on>javascript:gs.dateGenerate('{0}'){companyFilter}&sysparm_count=true&sysparm_group_by=sys_created_on,priority&sysparm_display_value=true"",""apiUrl1"":null,""apiUrl2"":null,""apiUrl3"":null}",,22,Aging Incidents,Aging Incidents,721f0c53-2317-40de-a90d-5c7786fded9c,,Current Status,Service Insights
"{""requestBody"":null,""requestBody1"":null,""requestBody2"":null,""requestBody3"":null,""apiUrl"":""/now/stats/incident?sysparm_query=active%3Dtrue%5EstateNOT%20IN6%2C7%2C8{agFilter}{companyFilter}{callerFilter}{businessFilter}&sysparm_count=true&sysparm_group_by=state&sysparm_display_value=true"",""apiUrl1"":null,""apiUrl2"":null,""apiUrl3"":null}",https://vontier.service-now.com/incident_list.do?sysparm_query=active%3Dtrue%5EstateNOT%20IN6%2C7%2C8%5EGROUPBYstate&sysparm_first_row=1&sysparm_view=change_requests&sysparm_group_sort=COUNTDESC,22,Open Incidents State,Open Incidents State,71b21f24-d369-44b8-9094-97ed668641b8,,NULL,Service Insights
"{""requestBody"":null,""requestBody1"":null,""requestBody2"":null,""requestBody3"":null,""apiUrl"":""/now/stats/incident?sysparm_query=active%3Dtrue%5EstateNOT%20IN6%2C7%2C8{agFilter}{companyFilter}{callerFilter}{businessFilter}&sysparm_count=true&sysparm_group_by=assignment_group&sysparm_display_value=true"",""apiUrl1"":null,""apiUrl2"":null,""apiUrl3"":null}",https://vontier.service-now.com/incident_list.do?sysparm_query=active%3Dtrue%5EstateNOT%20IN8%2C6%2C7%5EGROUPBYassignment_group&sysparm_first_row=1&sysparm_view=change_requests&sysparm_group_sort=COUNTDESC,22,Open Incidents Breakdown,Open Incidents Breakdown,95169212-2655-4e40-85cd-3a38e9bf73d6,,NULL,Service Insights
"{""requestBody"":null,""requestBody1"":null,""requestBody2"":null,""requestBody3"":null,""apiUrl"":""/now/stats/sc_task?sysparm_query=active%3Dtrue%5EstateNOT%20IN3%2C4%2C7{agFilter}{companyFilter}{callerFilter}{businessFilter}&sysparm_count=true&sysparm_group_by=state&sysparm_display_value=true"",""apiUrl1"":null,""apiUrl2"":null,""apiUrl3"":null}",https://vontier.service-now.com/sc_task_list.do?sysparm_query=active%3Dtrue%5EstateNOT%20IN3%2C4%2C7%5EGROUPBYstate&sysparm_first_row=1&sysparm_view=&sysparm_group_sort=COUNTDESC,22,Open Tasks By State,Open Tasks By State,aed86909-0010-4bb0-ade4-dda94ddc7de6,,NULL,Service Insights
"{""requestBody"":null,""requestBody1"":null,""requestBody2"":null,""requestBody3"":null,""apiUrl"":""/now/stats/sc_task?sysparm_query=active%3Dtrue%5EstateNOT%20IN3%2C4%2C7{agFilter}{companyFilter}{callerFilter}{businessFilter}&sysparm_count=true&sysparm_group_by=assignment_group&sysparm_display_value=true"",""apiUrl1"":null,""apiUrl2"":null,""apiUrl3"":null}",https://vontier.service-now.com/sc_task_list.do?sysparm_query=active%3Dtrue%5EstateNOT%20IN3%2C4%2C7%5EGROUPBYassignment_group&sysparm_first_row=1&sysparm_view=&sysparm_group_sort=COUNTDESC,22,Open Tasks Breakdown,Open Tasks Breakdown,9f186702-373e-42c9-92c2-2d6738d4fd55,,NULL,Service Insights
"{""requestBody"":null,""requestBody1"":null,""requestBody2"":null,""requestBody3"":null,""apiUrl"":""/now/stats/sc_task?sysparm_query={agFilter}{companyFilter}{callerFilter}{businessFilter}%5Estate%3D3^sys_created_onBETWEENjavascript:gs.dateGenerate('{0}')@javascript:gs.dateGenerate('{1}')^reassignment_count%3D3%5EORreassignment_count%3D4%5EORreassignment_count%3D5&sysparm_count=true&sysparm_group_by=sys_created_on&sysparm_display_value=true"",""apiUrl1"":""/now/stats/sc_task?sysparm_query={agFilter}{companyFilter}{callerFilter}{businessFilter}%5Estate%3D3^sys_created_onBETWEENjavascript:gs.dateGenerate('{0}')@javascript:gs.dateGenerate('{1}')^reassignment_count%3E5&sysparm_count=true&sysparm_group_by=sys_created_on&sysparm_display_value=true"",""apiUrl2"":null,""apiUrl3"":null}",https://vontier.service-now.com/sc_task_list.do?sysparm_query=sys_created_onONLast%20month%40javascript%3Ags.beginningOfLastMonth()%40javascript%3Ags.endOfLastMonth()%5Estate%3D3%5Ereassignment_count%3D3%5EORreassignment_count%3D4%5EORreassignment_count%3D5&sysparm_view=,22,Trend for No. of Hops - Tasks,Trend for No. of Hops - Tasks,10826c84-eef6-43ed-b068-843b0a3c268c,,Current Status,Service Insights
"{""requestBody"":null,""requestBody1"":null,""requestBody2"":null,""requestBody3"":null,""apiUrl"":""/now/table/incident?sysparm_query=active=true^stateNOT IN8,6,7^assigned_toISNOTEMPTY^{dateFilter}{agFilter}{companyFilter}{callerFilter}{businessFilter}&sysparm_display_value=true&sysparm_fields=assigned_to,assignment_group,sys_updated_on,state"",""apiUrl1"":null,""apiUrl2"":null,""apiUrl3"":null}",,22,Update Due Incidents Drilldown,Update Due Incidents Drilldown,165e7633-cfcc-4488-9e14-b6653ab3b53b,,Current Status,Service Insights
"{""requestBody"":null,""requestBody1"":null,""requestBody2"":null,""requestBody3"":null,""apiUrl"":""/now/table/sc_task?sysparm_query=active=true^stateNOT IN8,6,7^assigned_toISNOTEMPTY^{dateFilter}{agFilter}{companyFilter}{callerFilter}{businessFilter}&sysparm_display_value=true&sysparm_fields=assigned_to,assignment_group,sys_created_on,state"",""apiUrl1"":null,""apiUrl2"":null,""apiUrl3"":null}",,22,Aging Tasks Drilldown,Aging Tasks Drilldown,aa56766d-42c3-45b4-8a59-21c41fc17f61,,Current Status,Service Insights
"{""requestBody"":null,""requestBody1"":null,""requestBody2"":null,""requestBody3"":null,""apiUrl"":""/now/table/sc_task?sysparm_query=active=true^stateNOT IN8,6,7^assigned_toISNOTEMPTY^{dateFilter}{agFilter}{companyFilter}{callerFilter}{businessFilter}&sysparm_display_value=true&sysparm_fields=assigned_to,assignment_group,sys_updated_on,state"",""apiUrl1"":null,""apiUrl2"":null,""apiUrl3"":null}",,22,Update Due Tasks Drilldown,Update Due Tasks Drilldown,c489951c-68dc-43ed-ab47-a28fc0c5e008,,Current Status,Service Insights
"{""requestBody"":null,""requestBody1"":null,""requestBody2"":null,""requestBody3"":null,""apiUrl"":""/now/stats/sc_task?sysparm_query={agFilter}^active=true^stateNOT%20IN3%2C4%2C7^sys_created_on<=javascript:gs.dateGenerate('{1}')%5Esys_created_on>=javascript:gs.dateGenerate('{0}'){companyFilter}&sysparm_count=true&sysparm_group_by=sys_created_on&sysparm_display_value=true"",""apiUrl1"":null,""apiUrl2"":null,""apiUrl3"":null}",https://vontier.service-now.com/sc_task_list.do?sysparm_query=active%3Dtrue%5EstateNOT%20IN3%2C4%2C7&sysparm_view=,22,Tasks Trend,Tasks Trend,9f1260b2-556b-40bf-977e-fc9cea793d2f,,Last 30 Days,Service Insights
"{""requestBody"":null,""requestBody1"":null,""requestBody2"":null,""requestBody3"":null,""apiUrl"":""/now/stats/task_sla?sysparm_query={agFilter}{companyFilter}^task.sys_class_name%3Dsc_task%5Etask.closed_atBETWEENjavascript%3Ags.dateGenerate('{0}'%2C'00%3A00%3A00')%40javascript%3Ags.dateGenerate('{1}'%2C'23%3A59%3A59')%5Esla.target%3Dresolution%5Estage%3Dcompleted&sysparm_count=true&sysparm_group_by=has_breached%2Ctask.priority&sysparm_display_value=true"",""apiUrl1"":""/now/stats/task_sla?sysparm_query={agFilter}{companyFilter}^task.sys_class_name%3Dsc_task%5Etask.sys_created_onBETWEENjavascript%3Ags.dateGenerate('{0}'%2C'00%3A00%3A00')%40javascript%3Ags.dateGenerate('{1}'%2C'23%3A59%3A59')%5Esla.target%3Dresponse%5Estage%3Dcompleted&sysparm_count=true&sysparm_group_by=has_breached%2Ctask.priority&sysparm_display_value=true"",""apiUrl2"":null,""apiUrl3"":null}",https://vontier.service-now.com/task_sla_list.do?sysparm_query=task.sys_class_name%3Dsc_task%5Etask.closed_atBETWEENjavascript%3Ags.dateGenerate('2024-05-01'%2C'00%3A00%3A00')%40javascript%3Ags.dateGenerate('2024-05-31'%2C'23%3A59%3A59')%5Esla.target%3Dresolution%5Estage%3Dcompleted&sysparm_view=,22,Task SLA Status,Task SLA Status,18031984-6b39-4cda-87eb-e883f5c3c699,,,Service Insights
"{""requestBody"":null,""requestBody1"":null,""requestBody2"":null,""requestBody3"":null,""apiUrl"":""/now/stats/incident_sla?sysparm_query=inc_stateNOT%20IN6,7,8^inc_active=true{agFilter}{companyFilter}{callerFilter}{businessFilter}&sysparm_count=true&sysparm_group_by=taskslatable_sla.target,inc_priority&sysparm_display_value=true"",""apiUrl1"":""/now/stats/incident_sla?sysparm_query=inc_stateNOT IN6,8,7^inc_active=true^taskslatable_has_breached=true^taskslatable_stageNOT INachieved,cancelled,completed{agFilter}{companyFilter}{callerFilter}{businessFilter}&sysparm_count=true&sysparm_group_by=inc_priority,taskslatable_sla.target&sysparm_display_value=true"",""apiUrl2"":null,""apiUrl3"":null}",https://vontier.service-now.com/incident_sla_list.do?sysparm_query=inc_stateNOT%20IN6%2C8%2C7%5Etaskslatable_has_breached%3Dtrue%5Etaskslatable_stageNOT%20INachieved%2Ccancelled%2Ccompleted%5Etaskslatable_sla.target%3Dresolution%5Einc_active%3Dtrue&sysparm_view=,22,Open and Overdue Incident,Open & Overdue Incident,e918f621-c81c-4add-9f88-c8599c93a04a,,Current Status,Service Insights
"{""requestBody"":null,""requestBody1"":null,""requestBody2"":null,""requestBody3"":null,""apiUrl"":""/now/stats/incident?sysparm_query=state%3D6%5Eresolved_at%3C%3Djavascript%3Ags.dateGenerate('{0}')%5Eresolved_at%3Ejavascript%3Ags.dateGenerate('{1}'){agFilter}{priorityFilter}{assignedtoFilter}{companyFilter}{callerFilter}{businessFilter}&sysparm_count=true&sysparm_display_value=true"",""apiUrl1"":null,""apiUrl2"":null,""apiUrl3"":null}",https://vontier.service-now.com/incident_list.do?sysparm_query=state%3D6%5Eresolved_atONToday%40javascript%3Ags.beginningOfToday()%40javascript%3Ags.endOfToday()&sysparm_view=,22,Resolved Inc-AU tab,Resolved Inc-AU tab,0207f3dc-3c8d-44da-a5c5-03285f603cd4,,NULL,Service Insights
"{""requestBody"":null,""requestBody1"":null,""requestBody2"":null,""requestBody3"":null,""apiUrl"":""/now/stats/sc_task?sysparm_query=closed_at%3C%3Djavascript%3Ags.dateGenerate('{0}')%5Eclosed_at%3Ejavascript%3Ags.dateGenerate('{1}'){agFilter}{priorityFilter}{assignedtoFilter}{companyFilter}{callerFilter}{businessFilter}&sysparm_count=true&sysparm_display_value=true"",""apiUrl1"":null,""apiUrl2"":null,""apiUrl3"":null}",https://vontier.service-now.com/sc_task_list.do?sysparm_query=closed_atONToday%40javascript%3Ags.beginningOfToday()%40javascript%3Ags.endOfToday()&sysparm_view=,22,Resolved Tasks-AU tab,Resolved Tasks-AU tab,48e8bf42-6cbe-4fe5-a7ad-8d8cd6dacac1,,NULL,Service Insights
"{""requestBody"":null,""requestBody1"":null,""requestBody2"":null,""requestBody3"":null,""apiUrl"":""/now/stats/incident?sysparm_query=active%3Dtrue%5EstateNOT%20IN6%2C7%2C8%5Esys_created_on%3C%3Djavascript%3Ags.dateGenerate('{0}')%5Esys_created_on%3Ejavascript%3Ags.dateGenerate('{1}'){agFilter}{priorityFilter}{assignedtoFilter}{companyFilter}{callerFilter}{businessFilter}&sysparm_count=true&sysparm_group_by=state&sysparm_display_value=true"",""apiUrl1"":null,""apiUrl2"":null,""apiUrl3"":null}",https://vontier.service-now.com/incident_list.do?sysparm_query=active%3Dtrue%5EstateNOT%20IN6%2C7%2C8%5Esys_created_onONToday@javascript:gs.beginningOfToday()@javascript:gs.endOfToday()%5EGROUPBYstate&sysparm_first_row=1&sysparm_view=change_requests&sysparm_group_sort=COUNTDESC,22,Open Incidents State-AU tab,Open Incidents State-AU tab,d2f7b0b6-3a94-45f8-93c0-c79e69a8c1d1,,NULL,Service Insights
"{""requestBody"":null,""requestBody1"":null,""requestBody2"":null,""requestBody3"":null,""apiUrl"":""/now/stats/sc_task?sysparm_query=active%3Dtrue%5EstateNOT%20IN3%2C4%2C7%5Esys_created_on%3C%3Djavascript%3Ags.dateGenerate('{0}')%5Esys_created_on%3Ejavascript%3Ags.dateGenerate('{1}'){agFilter}{priorityFilter}{assignedtoFilter}{companyFilter}{callerFilter}{businessFilter}&sysparm_count=true&sysparm_group_by=state&sysparm_display_value=true"",""apiUrl1"":null,""apiUrl2"":null,""apiUrl3"":null}",https://vontier.service-now.com/sc_task_list.do?sysparm_query=active%3Dtrue%5EstateNOT%20IN3%2C4%2C7%5Esys_created_onONToday@javascript:gs.beginningOfToday()@javascript:gs.endOfToday()%5EGROUPBYstate&sysparm_first_row=1&sysparm_view=&sysparm_group_sort=COUNTDESC,22,Open Tasks State-AU tab,Open Tasks State-AU tab,aebf02be-962b-4669-9000-bef50fc7b2e1,,NULL,Service Insights
"{""requestBody"":null,""requestBody1"":null,""requestBody2"":null,""requestBody3"":null,""apiUrl"":""/now/stats/incident_sla?sysparm_query={agFilter}{companyFilter}{priorityFilter}{assignedtoFilter}{callerFilter}{businessFilter}^inc_resolved_at%3C%3Djavascript%3Ags.dateGenerate('{0}')%5EORinc_closed_at%3C%3Djavascript%3Ags.dateGenerate('{0}')%5Einc_resolved_at%3Ejavascript%3Ags.dateGenerate('{1}')%5EORinc_closed_at%3Ejavascript%3Ags.dateGenerate('{1}')%5Etaskslatable_sla.target%3Dresolution%5Etaskslatable_stage%3Dcompleted&sysparm_count=true&sysparm_group_by=taskslatable_has_breached&sysparm_display_value=true"",""apiUrl1"":""/now/stats/incident_sla?sysparm_query={agFilter}{companyFilter}{priorityFilter}{assignedtoFilter}{callerFilter}{businessFilter}^inc_sys_created_on%3C%3Djavascript%3Ags.dateGenerate('{0}')%5Einc_sys_created_on%3Ejavascript%3Ags.dateGenerate('{1}')%5Etaskslatable_sla.target%3Dresponse%5Etaskslatable_stage%3Dcompleted&sysparm_count=true&sysparm_group_by=taskslatable_has_breached&sysparm_display_value=true"",""apiUrl2"":null,""apiUrl3"":null}",https://vontier.service-now.com/incident_sla_list.do?sysparm_query=inc_resolved_atONThis%20month@javascript:gs.beginningOfThisMonth()@javascript:gs.endOfThisMonth()%5EORinc_closed_atONThis%20month@javascript:gs.beginningOfThisMonth()@javascript:gs.endOfThisMonth()%5Etaskslatable_sla.target%3Dresolution%5Etaskslatable_stage%3Dcompleted&sysparm_first_row=1&sysparm_view=,22,Incident SLA Status-AU tab,Incident SLA Status-AU tab,e03905e8-fae2-4c69-8757-ef728a8c07e2,,NULL,Service Insights
"{""requestBody"":null,""requestBody1"":null,""requestBody2"":null,""requestBody3"":null,""apiUrl"":""/now/stats/task_sla?sysparm_query={agFilter}{priorityFilter}{assignedtoFilter}{companyFilter}^task.sys_class_name%3Dsc_task%5Etask.closed_at%3C%3Djavascript%3Ags.dateGenerate('{0}')%5Etask.closed_at%3Ejavascript%3Ags.dateGenerate('{1}')%5Esla.target%3Dresolution%5Estage%3Dcompleted&sysparm_count=true&sysparm_group_by=has_breached&sysparm_display_value=true"",""apiUrl1"":""/now/stats/task_sla?sysparm_query={agFilter}{priorityFilter}{assignedtoFilter}{companyFilter}^task.sys_class_name%3Dsc_task%5Etask.sys_created_on%3C%3Djavascript%3Ags.dateGenerate('{0}')%5Etask.sys_created_on%3Ejavascript%3Ags.dateGenerate('{1}')%5Esla.target%3Dresponse%5Estage%3Dcompleted&sysparm_count=true&sysparm_group_by=has_breached&sysparm_display_value=true"",""apiUrl2"":null,""apiUrl3"":null}",https://vontier.service-now.com/task_sla_list.do?sysparm_query=task.sys_class_name%3Dsc_task%5Etask.closed_atONThis%20month@javascript:gs.beginningOfThisMonth()@javascript:gs.endOfThisMonth()%5Esla.target%3Dresolution%5Estage%3Dcompleted&sysparm_first_row=1&sysparm_view=,22,Task SLA Status-AU tab,Task SLA Status-AU tab,15df41ad-c04c-4529-bf84-5ba0529e1bfa,,NULL,Service Insights
"{""requestBody"":null,""requestBody1"":null,""requestBody2"":null,""requestBody3"":null,""apiUrl"":""/now/stats/task?sysparm_query=sys_class_name%3Dincident%5EORsys_class_name%3Dincident_task%5EORsys_class_name%3Dsc_task%5EORsys_class_name%3Dproblem_task%5EORsys_class_name%3Dchange_task{agFilter}{companyFilter}{priorityFilter}{assignedtoFilter}{callerFilter}{businessFilter}%5Esys_created_on%3C%3Djavascript%3Ags.dateGenerate('{0}')%5Esys_created_on%3Ejavascript%3Ags.dateGenerate('{1}')&sysparm_count=true&sysparm_group_by=assigned_to&sysparm_display_value=true"",""apiUrl1"":null,""apiUrl2"":null,""apiUrl3"":null}",https://vontier.service-now.com/now/nav/ui/classic/params/target/task_list.do%3Fsysparm_query%3Dsys_class_name%253Dincident%255EORsys_class_name%253Dincident_task%255EORsys_class_name%253Dsc_task%255EORsys_class_name%253Dproblem_task%255EORsys_class_name%253Dchange_task%255Esys_created_onONThis%2520month%40javascript%3Ags.beginningOfThisMonth()%40javascript%3Ags.endOfThisMonth()%255EGROUPBYassigned_to%26sysparm_first_row%3D1%26sysparm_view%3D,22,Overall Tasks-AU tab,Task SLA Status-AU tab,45069c4e-5619-46fb-b5bb-6da85a884125,,NULL,Service Insights
"{""requestBody"":null,""requestBody1"":null,""requestBody2"":null,""requestBody3"":null,""apiUrl"":""/now/stats/task?sysparm_query=sys_class_name%3Dincident%5EORsys_class_name%3Dincident_task%5EORsys_class_name%3Dsc_task%5EORsys_class_name%3Dproblem_task%5EORsys_class_name%3Dchange_task{agFilter}{companyFilter}{priorityFilter}{assignedtoFilter}{callerFilter}{businessFilter}%5Esys_created_on%3C%3Djavascript%3Ags.dateGenerate('{0}')%5Esys_created_on%3Ejavascript%3Ags.dateGenerate('{1}')&sysparm_count=true&sysparm_group_by=sys_class_name&sysparm_display_value=true"",""apiUrl1"":null,""apiUrl2"":null,""apiUrl3"":null}",https://vontier.service-now.com/now/nav/ui/classic/params/target/task_list.do%3Fsysparm_query%3Dsys_class_name%253Dincident_task%255EORsys_class_name%253Dincident%255EORsys_class_name%253Dsc_task%255EORsys_class_name%253Dproblem_task%255EORsys_class_name%253Dchange_task%255Esys_created_onONThis%2520month%40javascript%3Ags.beginningOfThisMonth()%40javascript%3Ags.endOfThisMonth()%255EGROUPBYsys_class_name%26sysparm_first_row%3D1%26sysparm_view%3D,22,Task Breakdown-AU tab,Task Breakdown-AU tab,388f82f6-b399-42d2-b01e-a8ba6ceb2ab0,,NULL,Service Insights
"{""requestBody"":null,""requestBody1"":null,""requestBody2"":null,""requestBody3"":null,""apiUrl"":""/now/stats/incident?sysparm_query={agFilter}{companyFilter}{priorityFilter}{assignedtoFilter}{callerFilter}{businessFilter}%5Eresolved_at%3C%3Djavascript%3Ags.dateGenerate('{0}')%5Eresolved_at%3Ejavascript%3Ags.dateGenerate('{1}')&sysparm_count=true&sysparm_group_by=state&sysparm_display_value=true"",""apiUrl1"":null,""apiUrl2"":null,""apiUrl3"":null}",https://vontier.service-now.com/now/nav/ui/classic/params/target/incident_list.do%3Fsysparm_query%3Dresolved_atONThis%2520month%40javascript%3Ags.beginningOfThisMonth()%40javascript%3Ags.endOfThisMonth()%255EGROUPBYstate%26sysparm_first_row%3D1%26sysparm_view%3D,22,Incidents Resolved Monthwise-AU tab,Incidents Resolved Monthwise-AU tab,f9c536f5-72dd-40dc-b7a4-7184c5905728,,NULL,Service Insights
"{
            ""apiUrl"": null,
            ""apiUrl1"": null,
            ""napiUrl"": ""/now/table/sc_task?sysparm_limit={pageSize}&sysparm_offset={offset}&sysparm_no_count=false&sysparm_display_value=true&sysparm_query={filter}active%3Dtrue%5estateNOT%20IN3%2c4%2c7&sysparm_fields=number%2Cpriority%2Cshort_description%2Cstate%2Ccomments_and_work_notes%2Ccategory%2Ccaller_id%2Cassignment_group%2Cassigned_to%2Ccompany%2Clocation%2Csys_created_on%2Csys_created_by%2Csys_updated_on%2Csys_updated_by%2Cresolved_at%2Cresolved_by%2Cclosed_at%2Cclosed_by%2Copened_at%2Copened_by%2Ccorrelation_display%2Cu_correlation_display%2Ctaskslatable_stage%2Cinc_incident_state%2Ctaskslatable_duration%2Ctaskslatable_has_breached%2Ctaskslatable_u_business_elapsed_time_string%2Cu_agent_name%2Cbusiness_duration%2Cactive%2Cu_fcr_elgibile%2Cdescription%2Capproval%2Curgency"",
            ""assignmentGroupsList"": []
          }",https://vontier.service-now.com/incident_list.do?sysparm_query=active%3Dtrue%5estateNOT%20IN6%2c8%2c7&sysparm_view=text_search,22,SCTasks DrillDown,Get sc_task table from servicenow api.,912a466d-8b9e-4fd4-8c32-34fb1056d20f,,NULL,Service Insights
